<?xml version="1.0" encoding="UTF-8"?>
<project xmlns="http://maven.apache.org/POM/4.0.0" xmlns:xsi="http://www.w3.org/2001/XMLSchema-instance" xsi:schemaLocation="http://maven.apache.org/POM/4.0.0 http://maven.apache.org/maven-v4_0_0.xsd">
  <modelVersion>4.0.0</modelVersion>
  <groupId>com.route4me</groupId>
  <artifactId>route4me-java-sdk</artifactId>
  <name>route4me-java-sdk</name>
  <version>0.0.3-SNAPSHOT</version>
  <organization>
    <name>Rote4Me</name>
    <url>https://route4me.com</url>
  </organization>
  <build>
    <plugins>
      <plugin>
        <artifactId>maven-source-plugin</artifactId>
        <version>3.0.1</version>
        <executions>
          <execution>
            <id>attach-sources</id>
            <goals>
              <goal>jar</goal>
            </goals>
          </execution>
        </executions>
      </plugin>
      <plugin>
        <artifactId>maven-javadoc-plugin</artifactId>
        <version>2.10.4</version>
        <executions>
          <execution>
            <id>attach-javadocs</id>
            <goals>
              <goal>jar</goal>
            </goals>
          </execution>
        </executions>
      </plugin>
      <plugin>
        <artifactId>maven-shade-plugin</artifactId>
        <version>2.4.3</version>
        <executions>
          <execution>
            <phase>package</phase>
            <goals>
              <goal>shade</goal>
            </goals>
          </execution>
        </executions>
        <configuration>
          <promoteTransitiveDependencies>true</promoteTransitiveDependencies>
          <relocations>
            <relocation>
              <pattern>org.apache</pattern>
              <shadedPattern>${project.groupId}.org.apache</shadedPattern>
            </relocation>
            <relocation>
              <pattern>com.google</pattern>
              <shadedPattern>${project.groupId}.com.google</shadedPattern>
            </relocation>
          </relocations>
          <filters>
            <filter>
              <artifact>*:*</artifact>
              <excludes>
                <exclude>META-INF/license/**</exclude>
                <exclude>META-INF/*</exclude>
                <exclude>META-INF/maven/**</exclude>
                <exclude>NOTICE</exclude>
                <exclude>/*.txt</exclude>
                <exclude>build.properties</exclude>
              </excludes>
            </filter>
          </filters>
        </configuration>
      </plugin>
    </plugins>
  </build>
  <properties>
    <maven.compiler.source>1.7</maven.compiler.source>
    <project.build.sourceEncoding>UTF-8</project.build.sourceEncoding>
    <maven.compiler.target>1.7</maven.compiler.target>
  </properties>
</project>

